Utterance,index,response_length
"Hi Daniel, how can I help?",50.08326400438906,6.1269166095017
"Hi Daniel, how can I best help you today?",50.08326400438906,5.759282893935643
"Hi Daniel, what brings you here today?",50.08326400438906,5.7230666867383935
"Hi, what's on your mind?",50.08326400438906,5.352540701435698
"Hi, what can I help you with today?",50.08326400438906,4.254885809791518
