Utterance,index,response_length
"Hi Daniel, what brings you here today?",71.33333333333333,13.060908084163898
"Hi, what's on your mind?",69.33333333333333,11.218161683277962
"Hi Daniel, how can I help?",72.33333333333333,10.207087486157254
"Hi, what can I help you with today?",70.33333333333333,9.191583610188262
"Hi Daniel, how can I best help you today?",68.33333333333333,9.186046511627907
